Id,Id2,Geography,Total; Estimate; Workers 16 years and over,"Total; Estimate; MEANS OF TRANSPORTATION TO WORK - Car, truck, or van","Total; Estimate; MEANS OF TRANSPORTATION TO WORK - Car, truck, or van - Drove alone","Total; Estimate; MEANS OF TRANSPORTATION TO WORK - Car, truck, or van - Carpooled","Total; Estimate; MEANS OF TRANSPORTATION TO WORK - Car, truck, or van - Carpooled - In 2-person carpool","Total; Estimate; MEANS OF TRANSPORTATION TO WORK - Car, truck, or van - Carpooled - In 3-person carpool","Total; Estimate; MEANS OF TRANSPORTATION TO WORK - Car, truck, or van - Carpooled - In 4-or-more person carpool","Total; Estimate; MEANS OF TRANSPORTATION TO WORK - Car, truck, or van - Workers per car, truck, or van",Total; Estimate; MEANS OF TRANSPORTATION TO WORK - Public transportation (excluding taxicab),Total; Estimate; MEANS OF TRANSPORTATION TO WORK - Walked,Total; Estimate; MEANS OF TRANSPORTATION TO WORK - Bicycle,"Total; Estimate; MEANS OF TRANSPORTATION TO WORK - Taxicab, motorcycle, or other means",Total; Estimate; MEANS OF TRANSPORTATION TO WORK - Worked at home,Total; Estimate; PLACE OF WORK - Worked in state of residence,Total; Estimate; PLACE OF WORK - Worked in state of residence - Worked in county of residence,Total; Estimate; PLACE OF WORK - Worked in state of residence - Worked outside county of residence,Total; Estimate; PLACE OF WORK - Worked outside state of residence,Total; Estimate; Living in a place,Total; Estimate; Living in a place - Worked in place of residence,Total; Estimate; Living in a place - Worked outside place of residence,Total; Estimate; Not living in a place,Total; Estimate; Workers 16 years and over who did not work at home,Total; Estimate; Workers 16 years and over who did not work at home - TIME LEAVING HOME TO GO TO WORK - 12:00 a.m. to 4:59 a.m.,Total; Estimate; Workers 16 years and over who did not work at home - TIME LEAVING HOME TO GO TO WORK - 5:00 a.m. to 5:29 a.m.,Total; Estimate; Workers 16 years and over who did not work at home - TIME LEAVING HOME TO GO TO WORK - 5:30 a.m. to 5:59 a.m.,Total; Estimate; Workers 16 years and over who did not work at home - TIME LEAVING HOME TO GO TO WORK - 6:00 a.m. to 6:29 a.m.,Total; Estimate; Workers 16 years and over who did not work at home - TIME LEAVING HOME TO GO TO WORK - 6:30 a.m. to 6:59 a.m.,Total; Estimate; Workers 16 years and over who did not work at home - TIME LEAVING HOME TO GO TO WORK - 7:00 a.m. to 7:29 a.m.,Total; Estimate; Workers 16 years and over who did not work at home - TIME LEAVING HOME TO GO TO WORK - 7:30 a.m. to 7:59 a.m.,Total; Estimate; Workers 16 years and over who did not work at home - TIME LEAVING HOME TO GO TO WORK - 8:00 a.m. to 8:29 a.m.,Total; Estimate; Workers 16 years and over who did not work at home - TIME LEAVING HOME TO GO TO WORK - 8:30 a.m. to 8:59 a.m.,Total; Estimate; Workers 16 years and over who did not work at home - TIME LEAVING HOME TO GO TO WORK - 9:00 a.m. to 11:59 p.m.,Total; Estimate; TRAVEL TIME TO WORK - Less than 10 minutes,Total; Estimate; TRAVEL TIME TO WORK - 10 to 14 minutes,Total; Estimate; TRAVEL TIME TO WORK - 15 to 19 minutes,Total; Estimate; TRAVEL TIME TO WORK - 20 to 24 minutes,Total; Estimate; TRAVEL TIME TO WORK - 25 to 29 minutes,Total; Estimate; TRAVEL TIME TO WORK - 30 to 34 minutes,Total; Estimate; TRAVEL TIME TO WORK - 35 to 44 minutes,Total; Estimate; TRAVEL TIME TO WORK - 45 to 59 minutes,Total; Estimate; TRAVEL TIME TO WORK - 60 or more minutes,Total; Estimate; TRAVEL TIME TO WORK - Mean travel time to work (minutes)
0500000US27001,27001,"Aitkin County, Minnesota",6374,89.5,79.5,10.1,7.7,0.9,1.5,1.07,0.3,4,0,0.9,5.2,99.3,66,33.2,0.7,23.7,13.9,9.8,76.3,6043,4.9,3.6,6.7,8.4,10.3,13,16.6,9,4.4,23,24.9,13.1,13.8,11,5.5,9.9,6.7,6.5,8.6,24.8
0500000US27003,27003,"Anoka County, Minnesota",175464,90.7,82,8.7,7,1.1,0.6,1.06,3.3,1.1,0.2,0.6,4,99.4,39,60.4,0.6,98.8,14.5,84.3,1.2,168360,4.4,4.9,6.7,11.4,12.3,14.5,10.2,8.1,3.9,23.6,8,10.5,12.7,15.2,8,16.8,10.8,11.1,7,28
0500000US27005,27005,"Becker County, Minnesota",15403,88.9,77.4,11.6,8.7,1.6,1.3,1.08,0.2,2.5,1,0.6,6.7,91.5,73.6,17.9,8.5,36.6,21.6,15,63.4,14365,4.2,3.1,5.7,8.6,11.7,14.6,20.4,10.1,3.5,18.1,22.5,18.8,15.6,11.7,4.8,7.4,3.8,7.4,8.1,23.2
0500000US27007,27007,"Beltrami County, Minnesota",19957,85.7,74.9,10.8,8.7,1.2,0.9,1.07,2.7,3.2,1.1,0.6,6.8,98.6,85,13.6,1.4,43.4,28.5,14.9,56.6,18601,4.1,2.9,3.7,6.4,10.7,17,20.4,8.6,3.6,22.7,22.5,23.8,18.4,10.7,3.9,7.9,3.4,3,6.4,20.1
0500000US27009,27009,"Benton County, Minnesota",19393,91.5,82.3,9.2,7,1.1,1.1,1.06,0.9,1.9,0.6,0.6,4.5,99.3,36.8,62.5,0.7,66.2,18.7,47.5,33.8,18514,6.1,5.1,5.8,8.2,11.3,17.2,13,6.5,3,23.9,19.2,18.7,18.2,13.1,5.3,10.3,4.1,4.7,6.3,22.3
0500000US27011,27011,"Big Stone County, Minnesota",2418,84.2,75.7,8.5,5.3,0.7,2.6,1.06,0.4,5.7,0.5,0.4,8.9,84.7,67.9,16.9,15.3,63.8,30.6,33.2,36.2,2204,5.4,5.2,3.4,7.8,10.6,15.2,19.7,10.2,5.6,16.9,41.8,13,11.4,9.7,4.4,9,2.5,3.8,4.4,17
0500000US27013,27013,"Blue Earth County, Minnesota",35147,90.2,81.8,8.4,7.2,0.8,0.4,1.05,0.7,3.8,0.7,0.5,4.1,99.4,75.2,24.1,0.6,79.1,46.6,32.5,20.9,33718,3.1,1.9,4.5,6.4,11.2,12.5,18.4,8,4.1,30,23.5,28,20.1,11,3.9,5.5,2.3,2.1,3.5,17.2
0500000US27015,27015,"Brown County, Minnesota",13339,84.8,77.3,7.5,4.9,1.8,0.7,1.05,0.6,5.5,0.7,0.6,7.8,99.6,85.9,13.6,0.4,76.7,55.4,21.3,23.3,12295,3.4,4.3,6.4,9.8,11.1,14.4,17.4,6.5,3.4,23.3,42.5,20.4,11.4,8.8,2.9,5.8,3,2.6,2.6,14.9
0500000US27017,27017,"Carlton County, Minnesota",15920,91.7,83.4,8.2,6.2,1.5,0.5,1.05,0.2,2.8,0.2,0.9,4.2,96,64,32,4,56.8,21.5,35.3,43.2,15244,4.6,5.1,5.5,9.6,10.9,13.8,16.6,7.4,2.5,23.9,20.6,18.3,12,13.7,7.2,13.9,6.5,4.5,3.3,21.2
0500000US27019,27019,"Carver County, Minnesota",49996,88.8,82.8,6,4.8,0.6,0.5,1.04,1.7,1.3,0.4,0.5,7.3,99.3,39.5,59.8,0.7,87.9,18.8,69.2,12.1,46336,3.7,3.3,5,8.8,11.8,17.5,15.2,10.5,4.5,19.8,14,11.3,12.1,14.7,9,14.2,10,9.5,5.2,25.4
0500000US27021,27021,"Cass County, Minnesota",11813,85.8,75.9,9.9,8.1,1.1,0.8,1.07,1,3.6,0.3,1.6,7.8,97.9,55.4,42.5,2.1,23.4,9.2,14.2,76.6,10889,4.5,3.9,4.6,7.4,12,15.5,18.3,7.2,4.4,22.2,23.4,14.2,14.2,14.2,5.9,10.6,5.1,6.3,6,22.8
0500000US27023,27023,"Chippewa County, Minnesota",6306,89.9,81.3,8.5,4,2.7,1.8,1.06,0.4,3,0.7,0.4,5.6,98.7,70.5,28.2,1.3,66.1,39.7,26.4,33.9,5953,4.1,7.1,5.3,10,12.5,15.1,17.2,7.4,1.8,19.5,40.2,17,12.2,10.6,3.6,6.4,3.1,2.6,4.3,17.9
0500000US27025,27025,"Chisago County, Minnesota",26941,92.6,84.1,8.4,6.6,1.1,0.7,1.05,0.9,1.1,0.3,1,4.1,96.4,36.2,60.1,3.6,64.6,11.9,52.7,35.4,25829,7.5,6.8,8.4,12,11.1,15,8.7,6.7,3.2,20.7,12.9,8,10.4,9.3,4.5,11.3,10.9,17.9,14.8,32.7
0500000US27027,27027,"Clay County, Minnesota",32208,86.6,78.6,8,6.2,0.9,0.9,1.05,1,5.5,0.5,0.9,5.6,47.4,43.7,3.7,52.6,86.8,30.7,56.1,13.2,30418,2.9,2.1,3.3,6.1,11.2,18,18.4,8.6,3.8,25.7,21,17.9,23.8,14.4,4.8,8.2,3.4,3.2,3.1,18.8
0500000US27029,27029,"Clearwater County, Minnesota",3454,89.6,77.4,12.2,9.3,1.6,1.4,1.08,0.9,2,0.1,1.1,6.3,96,61.1,34.9,4,25.4,10.4,14.9,74.6,3238,3.7,2.5,7.6,11.4,12.6,15.9,17,7.3,2.4,19.6,25.5,13.6,12.6,9.3,5.2,11.4,6,7.2,9.2,26.1
0500000US27031,27031,"Cook County, Minnesota",2726,81.4,71.3,10.1,8.2,1.3,0.6,1.07,0.4,9.8,0.3,1,6.9,99.8,94.8,5.1,0.2,30.4,16.7,13.8,69.6,2537,2.1,1.9,4,6.6,9.7,8.9,26.3,10.8,6.7,23,45.6,13.8,11.3,7.5,2.9,6.5,2.4,5.6,4.3,18.5
0500000US27033,27033,"Cottonwood County, Minnesota",5399,82.9,72.2,10.7,7.6,1.8,1.3,1.08,1.2,7.1,0.9,1,6.8,98.9,77.3,21.5,1.1,68.5,39.6,28.9,31.5,5030,3.5,3.9,6,10.4,11.2,11.8,19.1,8.8,5.1,20.2,38.4,20.1,11.6,8.2,5.1,7.9,2.8,2.3,3.7,16.1
0500000US27035,27035,"Crow Wing County, Minnesota",28183,90.1,80.6,9.6,7.5,1.2,0.8,1.06,0.5,1.7,0.5,1,6.2,98.7,84.6,14.1,1.3,56.2,21.9,34.3,43.8,26423,3.8,3.8,5.8,6.4,9.5,16.3,19.1,8.7,4.4,22.2,20.9,19.9,16.4,13.4,6.1,10.5,3.9,3.5,5.3,21.6
0500000US27037,27037,"Dakota County, Minnesota",215803,90,82.3,7.7,6.4,0.8,0.4,1.05,3.3,1.1,0.3,0.8,4.5,99,47.9,51.1,1,96.3,20.3,76,3.7,206092,3.1,3.2,4.5,9.9,12,15.9,12.7,9.7,5,23.8,12.6,12.7,14.3,16,8.6,16,8.2,7.7,3.9,24.1
0500000US27039,27039,"Dodge County, Minnesota",10593,90.9,81.6,9.3,7.4,1,0.9,1.06,0.7,1.5,0.3,0.8,5.9,99.3,37.2,62.2,0.7,59,12.6,46.4,41,9972,5.5,4.1,7.6,13.4,14.2,17.3,10.2,6.3,1.6,19.8,18.3,9,9,20,11.5,17,5.6,5.3,4.3,23.7
0500000US27041,27041,"Douglas County, Minnesota",18211,90.8,83.2,7.6,6.1,1.1,0.4,1.05,0.3,2.5,0.4,1,4.9,98.8,85.1,13.7,1.2,43.6,25.9,17.6,56.4,17311,3.7,3,5.5,6.1,10.7,15.7,20.1,8.6,4.6,21.9,27.2,24.6,16.6,12.6,3.9,6.9,2.1,2.1,4.1,18.3
0500000US27043,27043,"Faribault County, Minnesota",6952,86.5,78.4,8.2,6.3,1.5,0.4,1.05,0.3,4.6,0.3,0.6,7.7,96.5,71.7,24.7,3.5,67.6,33.5,34.1,32.4,6419,4.6,4.5,5,9.2,11.9,16.4,17.3,8.3,3.3,19.6,36.4,13.3,11.6,9.4,4.6,8.7,6.1,5.8,4.1,19.2
0500000US27045,27045,"Fillmore County, Minnesota",10188,82.9,70.7,12.2,10.1,1.3,0.9,1.09,3.2,4.9,0.6,1.2,7.1,94.9,55.1,39.9,5.1,58.3,19.1,39.3,41.7,9464,5.9,6.1,7.1,12.5,13,15.6,12.7,6.9,2.6,17.7,26.4,11.3,8.6,7.7,5.6,11.8,8.2,12,8.4,25.5
0500000US27047,27047,"Freeborn County, Minnesota",14894,91.2,80.7,10.5,8.2,1,1.3,1.07,1,1.8,0.4,1.6,3.9,94.6,75.2,19.4,5.4,69.3,43.7,25.5,30.7,14311,5.8,4.7,6,8.5,10.5,12.6,15.5,7.8,3.3,25.2,26.6,23.5,17.4,9.7,5.1,7.5,3.1,2.7,4.6,18.5
0500000US27049,27049,"Goodhue County, Minnesota",23177,88.4,79.4,9,7.3,1.1,0.6,1.06,1,4,0.4,0.9,5.3,98.2,64.8,33.5,1.8,65.3,35.7,29.6,34.7,21942,6.2,5.9,7,10,10.9,15,12.5,6.3,3.9,22.3,24.9,15.7,10.5,11.3,6.6,9.4,6.2,8.1,7.3,23.1
0500000US27051,27051,"Grant County, Minnesota",2919,86.1,79.4,6.6,4.7,1.2,0.8,1.05,1.1,6.9,0.3,0.9,4.8,98.2,57.4,40.8,1.8,52,19.9,32.1,48,2778,3.2,3.3,5.9,8,9.6,17.7,19.2,11.1,3.5,18.5,29.8,11.6,7.8,9.2,7.7,17.1,6.5,4.4,5.8,22.7
0500000US27053,27053,"Hennepin County, Minnesota",623276,81.7,73.5,8.1,6.5,0.9,0.7,1.06,7.4,3.3,1.7,0.9,5.1,99.2,81,18.1,0.8,100,30.6,69.4,0,591786,2.7,2.3,3.8,6.7,9.7,15.1,14.6,12.9,6.7,25.5,9.7,13.9,18.1,19.4,8.9,15.1,6.3,5,3.5,23
0500000US27055,27055,"Houston County, Minnesota",9609,87.8,79.9,7.9,5.7,1.2,1.1,1.05,1,3.1,0.4,1.4,6.3,53.3,45.3,8,46.7,54.8,15.9,39,45.2,9003,6.5,4.6,7.9,9.8,11.4,15.1,18.2,7.6,2.9,16,21.8,17,16.8,11.9,5,10.7,6.7,5.6,4.6,21.3
0500000US27057,27057,"Hubbard County, Minnesota",9329,89.2,79.7,9.5,7,1.5,1,1.06,0.4,3.3,0.3,0.9,6,98,58.5,39.4,2,24.4,16.2,8.2,75.6,8770,3.2,3.5,3.9,6.3,11.4,12.5,20.9,9.8,5.5,22.9,23.1,18.2,16.2,14.9,5.8,8.6,3.1,3.9,6.1,21.6
0500000US27059,27059,"Isanti County, Minnesota",18880,90,80.4,9.6,7.5,1.8,0.3,1.06,1,1.7,0.2,1.1,6,98.6,41.1,57.5,1.4,40.4,10.3,30.1,59.6,17751,8.6,7.4,7,12.1,10.6,11.4,10.2,5.7,2.8,24.2,13.7,13.5,10,8.2,3,8.3,11.5,13.6,18.1,33.5
0500000US27061,27061,"Itasca County, Minnesota",19367,91.3,81.5,9.8,7.8,1.1,0.8,1.06,0.9,2.7,0.4,0.5,4.2,99.2,84.4,14.8,0.8,50.2,21.4,28.8,49.8,18556,3.8,3.8,6.4,11.2,9.1,11.5,18.6,9.2,3.3,23.1,20.7,18.1,16.6,13.5,5.5,8.6,5.1,5.3,6.5,22.8
0500000US27063,27063,"Jackson County, Minnesota",5223,88.4,80,8.4,6.8,1,0.6,1.05,0.2,3.2,0.1,0.9,7.3,93,72,21.1,7,58.4,33.4,24.9,41.6,4844,7.5,5.9,4.5,7.1,9.5,20.1,16.8,8.2,4.1,16.3,35.6,15.3,14.5,11.6,6.6,7.7,2.5,1.9,4.3,17.8
0500000US27065,27065,"Kanabec County, Minnesota",7022,91.4,80.5,10.9,7.8,2.2,0.9,1.07,0.1,1.8,0.1,1.8,4.8,97.8,47.4,50.5,2.2,25.1,12.2,12.9,74.9,6687,10.5,7.6,7.5,8,8.9,13.6,11.9,6,3.4,22.5,18.9,12.7,9.3,9.6,5.6,12,5.9,7.6,18.3,32.1
0500000US27067,27067,"Kandiyohi County, Minnesota",21430,92.4,82.1,10.2,7.4,1.7,1.1,1.07,0.8,1.9,0.6,0.5,3.8,99,86.5,12.5,1,59.9,39.8,20.1,40.1,20610,4.3,3,5.3,6.9,11.4,15.9,18.7,7.8,3.8,22.9,31.2,23.2,13.3,11.6,4,7.4,2.4,2.4,4.6,17.5
0500000US27069,27069,"Kittson County, Minnesota",2129,80,69.2,10.8,6.2,2.8,1.8,1.08,0.6,7.7,0.5,0.7,10.6,86,72.3,13.7,14,57.7,29.1,28.6,42.3,1903,4.5,4.5,5.3,9,13,14.6,19.5,8.8,4.2,16.6,37.1,12.3,10.4,7.9,4.7,10.1,4.4,7.1,6,20
0500000US27071,27071,"Koochiching County, Minnesota",5810,86.5,74.6,12,10,1,0.9,1.08,1.8,3.7,0.7,1.4,5.9,98.8,90.9,7.9,1.2,60.4,45.5,14.9,39.6,5469,6.8,5.6,5.4,8.7,9.1,9.3,18.1,9.7,3.6,23.5,48.2,19.3,10.9,5.1,2.2,5,1.3,2.6,5.4,16.6
0500000US27073,27073,"Lac qui Parle County, Minnesota",3359,82.5,74.3,8.2,5.9,1.6,0.7,1.06,0.3,5.4,0.1,0.7,10.9,96.8,71.4,25.4,3.2,45.7,26.8,18.9,54.3,2993,4.1,4.5,6.3,7.5,8.8,15.5,18.4,12.4,3,19.6,37.5,14.8,12.6,11.6,3.4,10.6,2.7,3.1,3.7,16.9
0500000US27075,27075,"Lake County, Minnesota",4741,87.1,76.7,10.4,7.2,2.8,0.4,1.07,0.1,5.3,1.2,1,5.3,94.4,70.6,23.9,5.6,50.3,27.5,22.8,49.7,4489,7.1,5.1,7.8,7.4,11.3,11.6,13.6,7.2,5.1,23.8,35.6,13.7,9.5,6.8,1.7,7.2,7.9,10.6,7,21.8
0500000US27077,27077,"Lake of the Woods County, Minnesota",1971,92.5,74.8,17.7,13.7,3,0.9,1.11,0.1,2.8,0,0,4.6,99.9,72.7,27.2,0.1,27.9,16.3,11.6,72.1,1880,15.2,5.2,6.1,7.2,8.2,14.5,14.5,6.3,4.3,18.5,27.9,15.8,16.7,11.6,3.8,9.6,6.8,2,5.8,18.4
0500000US27079,27079,"Le Sueur County, Minnesota",14238,91.5,81.6,9.8,8.3,1,0.5,1.06,0.5,2.9,0.3,0.9,4,99.3,40.4,58.9,0.7,58,19.1,38.9,42,13663,6.5,4.5,6.3,10.5,12.6,16.5,14.6,7,3,18.3,23.1,12,10.2,10.4,6.8,12.8,8.2,8.7,7.8,25
0500000US27081,27081,"Lincoln County, Minnesota",2946,80.9,71.8,9.1,6.2,1.9,1,1.07,0.1,6.2,0.2,0.9,11.8,90.9,60.4,30.5,9.1,52.7,25.4,27.3,47.3,2599,3.7,4,4.9,9.4,12.7,17.6,17,9.7,2.7,18.4,34.4,11.9,10.4,7.6,5.4,15,7.5,4.3,3.5,20.2
0500000US27083,27083,"Lyon County, Minnesota",13925,88.1,74.3,13.8,10.7,1.8,1.3,1.09,1.1,3.1,0.5,0.7,6.5,98.3,91.1,7.2,1.7,77.9,54.7,23.2,22.1,13025,3.7,3.1,4.6,6.1,12,16.3,21.4,7.7,3.5,21.6,44.1,18.7,10.9,11,3.7,5.8,1.2,1.5,3.2,15.3
0500000US27085,27085,"McLeod County, Minnesota",18503,90.9,82.1,8.8,6.7,0.6,1.5,1.06,0.4,3.1,1,0.7,4,99.4,67.3,32.1,0.6,70.8,34.3,36.5,29.2,17771,5,5.1,8,9,10.8,13.8,13.6,9.1,3.4,22.2,28.2,16.8,11.4,10.4,5.8,7.5,3.6,6.8,9.4,22.2
0500000US27087,27087,"Mahnomen County, Minnesota",2121,88.4,75.2,13.2,10.2,1.8,1.2,1.09,2.2,4.5,0.1,0.8,3.9,96.7,69.5,27.2,3.3,46.2,21.7,24.4,53.8,2038,3,4.2,5.6,7,7.7,15.8,23.3,9.6,4,19.9,31.8,10.5,13.4,10.7,5.7,11.7,5.2,3.2,7.7,22.1
0500000US27089,27089,"Marshall County, Minnesota",4657,87.5,75.7,11.7,8.5,2,1.2,1.08,0.3,3.5,0.4,1.4,6.9,88.2,51.5,36.7,11.8,48.9,20,28.8,51.1,4337,4.2,4.8,5,9.4,13.1,16.8,19.2,9.6,3,14.9,27.5,8.5,9.8,10.9,7.4,14.4,7.5,7.7,6.2,23.1
0500000US27091,27091,"Martin County, Minnesota",10239,89.9,80.5,9.3,6.4,1.8,1.1,1.06,1.2,2.8,0.1,1.5,4.6,96.3,81.8,14.5,3.7,73.3,45.1,28.2,26.7,9769,3,5,6.4,7.2,10.9,14.4,17.4,9,3.9,22.7,35.4,18,13.6,11.8,4.3,7.4,2.3,2.7,4.5,16.9
0500000US27093,27093,"Meeker County, Minnesota",11179,90.9,82.7,8.2,6.1,1,1.1,1.05,0.2,3.1,0.4,0.7,4.7,99.4,54.7,44.7,0.6,47.8,21.1,26.7,52.2,10657,5.4,5.8,6.8,10.3,12.4,13.6,16.1,6.9,3,19.5,25.3,14,12.6,12.7,6,10,4.5,5.5,9.4,24.4
0500000US27095,27095,"Mille Lacs County, Minnesota",11479,91.2,80.6,10.6,7.8,2,0.8,1.07,0.4,3.2,0.1,1.6,3.6,98.7,53.8,44.9,1.3,37.9,13.8,24.1,62.1,11070,9.4,7,6.7,8.6,11.6,13,13.7,7.8,2.8,19.5,23.3,13.3,11,7.3,3.8,7.4,6.4,11.1,16.6,29.1
0500000US27097,27097,"Morrison County, Minnesota",16011,88.4,77.4,11.1,8,1.8,1.3,1.08,0.2,3.1,0.2,1.1,7,99,62.1,36.8,1,40.2,17.8,22.4,59.8,14883,9.1,6.3,6.8,9.7,11.2,14,13.7,6.7,2.7,19.6,22.6,13.3,12,9.8,5.7,11.6,8.6,8.4,8,25.6
0500000US27099,27099,"Mower County, Minnesota",18594,88,78.9,9.1,7.3,1.4,0.5,1.06,2.2,3.6,0.8,1.6,3.8,97.9,77,21,2.1,76.1,54.3,21.8,23.9,17881,6.3,5.3,7.1,8.9,12.5,11.1,11,5.6,3.4,28.9,36.6,23.7,8.6,6.8,3.1,6.8,4.7,6,3.8,17.5
0500000US27101,27101,"Murray County, Minnesota",4223,83.9,75.5,8.4,6.5,1.1,0.8,1.06,0.6,4.9,0.5,0.6,9.4,97.9,68.3,29.6,2.1,57.2,26.9,30.3,42.8,3827,2.9,4,4.8,10.1,11.6,18.3,16.8,10.6,3.4,17.4,35.5,13.2,11.5,9.8,4.7,11.7,5.2,4.7,3.9,19.7
0500000US27103,27103,"Nicollet County, Minnesota",18246,84.6,77.3,7.2,5.8,1.2,0.3,1.05,0.9,4.2,0.8,0.5,9,99.7,50.3,49.4,0.3,81.8,33.7,48.1,18.2,16606,2.5,2.6,6.2,5.9,11.9,13.4,20.6,9.2,3.3,24.4,32.8,21.1,19.5,11.6,2.5,4.5,1.4,2,4.6,16.2
0500000US27105,27105,"Nobles County, Minnesota",10162,87.9,70.5,17.4,12.1,1.8,3.4,1.13,0.5,4,0.6,2.7,4.4,92.8,82.2,10.6,7.2,74.8,46.7,28.1,25.2,9719,5.1,7.4,7.1,10.2,7.7,12.3,14.9,7.5,2.3,25.4,35.8,21.9,10.9,8.9,3.2,5.6,3.8,6.4,3.5,17.4
0500000US27107,27107,"Norman County, Minnesota",3088,86.1,78.3,7.8,5.9,0.9,0.9,1.05,0.3,3.5,0.7,0.5,9,85.4,62.2,23.2,14.6,55.1,25.7,29.4,44.9,2811,2.8,3.5,6.5,7.8,12,18.4,19.1,10,3.6,16.4,32,13.7,11.5,9,3.2,8,4.5,8,10.1,22.3
0500000US27109,27109,"Olmsted County, Minnesota",77949,86.7,75.8,10.9,8.9,1.1,0.9,1.07,4.7,3,0.7,0.9,4.1,99.1,93,6.1,0.9,85.2,68,17.2,14.8,74756,3,2.8,5,8.9,12.2,17.7,14.9,8.8,4.3,22.4,18,25.4,26,14.1,4.1,5.6,1.6,2.1,3.1,17.3
0500000US27111,27111,"Otter Tail County, Minnesota",26863,88.4,77.1,11.3,8.1,1.5,1.6,1.08,0.7,4.2,0.6,0.8,5.3,94.9,78.6,16.3,5.1,42.8,28.5,14.3,57.2,25427,4,4,6.2,8.1,9.9,15.1,17.8,9.5,4.3,21.1,29.6,17.7,14.4,10.4,5,8.1,3.8,4.4,6.7,20.7
0500000US27113,27113,"Pennington County, Minnesota",7381,88,74.6,13.5,11,1.8,0.6,1.09,1,3.7,0.7,1.8,4.9,98.3,92.1,6.2,1.7,65.2,57.4,7.8,34.8,7023,3.1,3.5,6.3,7.1,10.8,12.6,19.4,11.8,5.4,20,41.3,25.5,11.9,6,1.8,4.7,2.2,2.6,4.1,15
0500000US27115,27115,"Pine County, Minnesota",12656,91.3,78.6,12.7,9.7,1.9,1.1,1.08,0.6,2.3,0.2,1.4,4.2,98,61.5,36.5,2,37.7,12.8,24.9,62.3,12122,9.5,6.6,6.2,7.7,9.2,12.4,11.7,7.6,3.3,25.8,18.6,15,14.4,10.7,5,7.9,5.8,5.2,17.4,29.9
0500000US27117,27117,"Pipestone County, Minnesota",4631,86.7,75.5,11.2,7.1,2.4,1.7,1.08,0.6,3.9,0.1,1.2,7.5,88.9,78.5,10.4,11.1,71.6,40.6,31.1,28.4,4285,4.6,4.3,6,10.2,9.7,16.5,16.7,7.7,6,18.3,46,11.8,11.1,7.3,2.9,6.1,3.6,6,5.3,17.5
0500000US27119,27119,"Polk County, Minnesota",15459,89.4,80.9,8.4,6,1.6,0.9,1.06,0.7,4,0.5,0.8,4.7,70.6,62.4,8.2,29.4,67.3,30.3,37,32.7,14725,2.7,2.5,4.2,7.6,11.1,16.5,21.7,9.5,4,20.1,33.1,17.9,15.5,9.8,4,7.7,4.2,4.3,3.5,17.7
0500000US27121,27121,"Pope County, Minnesota",5320,87.1,77.9,9.2,7.1,1.4,0.7,1.06,0.3,5.8,0.1,1.4,5.4,99.2,61.4,37.8,0.8,42.6,16.7,26,57.4,5035,3.4,4.8,8.2,8.1,10.5,18,18.5,7.5,3.3,17.8,28.9,14.8,16.1,11.8,5.6,11.4,4,3.8,3.4,18.7
0500000US27123,27123,"Ramsey County, Minnesota",256575,83.8,74.5,9.4,7.3,1,1,1.07,6.2,3.1,1,0.8,5.1,98.9,55,44,1.1,97.6,29,68.5,2.4,243523,2.7,3.1,4,7.3,10.9,14.6,12.4,11.4,6.2,27.4,9.9,14.7,18.6,18.7,8.6,14,6.4,5.3,3.9,23.1
0500000US27125,27125,"Red Lake County, Minnesota",2048,89.4,80.1,9.3,6.9,1.2,1.2,1.06,0.2,4.2,0,0.5,5.6,97.4,46.4,51,2.6,51.5,20.3,31.2,48.5,1933,3.1,3.8,4.2,9.8,13.5,15.9,21.7,8.2,4.2,15.6,24.3,8.2,10.2,15.5,10.7,16.5,4.4,6.1,4.1,22.3
0500000US27127,27127,"Redwood County, Minnesota",7506,86.3,77.4,8.8,6.3,0.9,1.5,1.06,0.5,4.6,0.5,0.3,7.9,99.3,77.5,21.8,0.7,65.1,33.4,31.7,34.9,6913,3.1,2.8,5.2,8.9,9.8,16.5,19.4,10.3,4,19.9,39.5,13.3,14.3,10.1,4.3,7.6,2.9,4.7,3.3,16.6
0500000US27129,27129,"Renville County, Minnesota",7396,86.9,79.3,7.6,5.2,1.1,1.3,1.05,0.5,3.7,0.6,0.8,7.5,99.6,67.3,32.3,0.4,59.2,24.6,34.6,40.8,6841,4.5,4.2,4.5,10.6,12.8,15.7,17.5,8.6,3.3,18.2,34.1,15,13.3,11,5.4,8.3,4.7,4.3,3.9,18.4
0500000US27131,27131,"Rice County, Minnesota",32880,79.4,71.7,7.6,5.8,0.9,1,1.06,1,4.6,0.7,1.4,13,99.2,67.1,32.1,0.8,75.5,40.9,34.6,24.5,28607,6.2,4.7,6.8,9.1,9.4,13.6,14.7,7,4.8,23.6,25.8,16.9,11.1,10.6,5.6,7.6,5.3,8.8,8.2,22.5
0500000US27133,27133,"Rock County, Minnesota",4679,84.4,76,8.3,6.2,0.9,1.2,1.06,1.1,4.6,0.2,2.1,7.6,76,67.6,8.4,24,62.7,34.2,28.5,37.3,4322,5.9,4.5,2.9,9,11.8,17.3,17.2,7.4,3.4,20.5,39.1,13.6,10.8,6.9,4.4,9.4,7.4,5,3.4,18.2
0500000US27135,27135,"Roseau County, Minnesota",8180,90.4,73.8,16.6,13.4,1.8,1.3,1.11,0.6,3.2,0.4,1.2,4.3,99.1,94.7,4.4,0.9,35.5,24.3,11.3,64.5,7831,10.9,6.6,6.7,9.3,9.7,10.2,16.4,6.3,3.1,20.8,37.6,17.2,12.8,10,4.2,8.8,3.1,3.1,3.3,16.6
0500000US27137,27137,"St. Louis County, Minnesota",92866,87.9,78,9.9,8.1,1.3,0.6,1.06,2.3,4.4,0.5,1.1,3.8,95.4,89.7,5.7,4.6,76.7,47.6,29.1,23.3,89366,3.4,3.1,5.3,8.4,10.4,14,15.7,8.3,4.9,26.6,20.5,20.5,18.7,14.8,5.6,8.6,3.6,3.6,4,19.6
0500000US27139,27139,"Scott County, Minnesota",71862,91.1,83.9,7.2,5.6,1.1,0.5,1.04,1.7,0.9,0.2,1,5.2,99,35.6,63.4,1,83.3,17.8,65.5,16.7,68108,3.7,3.8,5.4,10.9,11.8,16.5,12.5,10,4.2,21.3,11.4,11.4,11.2,15.6,9,16.6,10.6,8.8,5.4,26.3
0500000US27141,27141,"Sherburne County, Minnesota",45578,92.2,82.8,9.4,7.7,1,0.8,1.06,1.4,0.9,0.2,1.3,4,99.2,30.2,69.1,0.8,54.4,12.1,42.3,45.6,43736,7.1,6.6,7.5,12,11.1,14,10.4,6.9,3.5,20.9,9.5,10.6,12,9.5,6.2,12,10.2,14.3,15.7,32.1
0500000US27143,27143,"Sibley County, Minnesota",7648,87.9,77.7,10.3,7.3,2.1,0.9,1.07,0.3,3.7,0.1,0.4,7.5,99.4,47.6,51.9,0.6,52.7,17.4,35.3,47.3,7071,8.1,6.6,8.8,11.5,10,14.5,11.9,7.5,2.7,18.4,23,11.5,11,9.7,5.3,13.3,9.1,9.6,7.5,25
0500000US27145,27145,"Stearns County, Minnesota",79744,86.7,78.4,8.3,6.1,1.3,0.9,1.06,1.4,4.1,0.5,0.6,6.8,99.2,80.5,18.7,0.8,73.7,31.3,42.4,26.3,74355,5.7,4,4.9,8.5,10.5,14.5,16.3,7.6,3.3,24.8,22.3,19.6,18.7,12.8,5.3,8.1,3.8,3.8,5.5,20.3
0500000US27147,27147,"Steele County, Minnesota",18070,92.9,86,6.9,5.5,0.8,0.6,1.04,0.5,1.9,0.5,0.9,3.3,99.8,78.5,21.2,0.2,80,54.2,25.8,20,17476,4.3,3.6,7.7,8.4,14.1,14.5,15.1,7.1,2.7,22.6,33.4,23.6,12.5,9.5,3.9,4.9,3.2,4.1,4.8,17.7
0500000US27149,27149,"Stevens County, Minnesota",5050,77,69.1,7.9,5,1.1,1.8,1.06,1.5,12.7,2.1,0.8,5.9,99.1,90,9.1,0.9,70.4,51.4,19,29.6,4754,2.8,3.7,7,4.8,8.5,10.1,19.8,12.1,5.4,26,49.1,23.3,11.3,6.2,1.7,2.7,2.2,1.8,1.8,12
0500000US27151,27151,"Swift County, Minnesota",4919,81.4,73.3,8.1,6,1.2,0.9,1.06,0.9,9,0.7,1,7,99.3,76.1,23.3,0.7,62.8,36.1,26.7,37.2,4577,4.5,4.6,10.1,8.5,10.3,16.1,16.9,7.6,3.5,18,44.3,13.7,7.7,8.5,4.9,10,3.9,4.7,2.3,16.4
0500000US27153,27153,"Todd County, Minnesota",11161,86,75,11,8.2,1.5,1.3,1.08,0.3,3.6,0.1,1.9,8.1,99,53.9,45.1,1,33.6,13.4,20.3,66.4,10258,9,5.6,6.1,10.1,10.3,13.5,13.2,7.7,2.6,21.7,25.1,14.2,11.3,12.4,5.8,11.2,6.2,7.4,6.4,23.4
0500000US27155,27155,"Traverse County, Minnesota",1618,82.2,75.2,7,3.6,2.1,1.3,1.06,0,5.4,1.6,0.8,10,91.6,77.6,14,8.4,63.2,45.2,18,36.8,1457,2,1.5,4.9,8,10.1,17.2,20,14.4,4.5,17.4,51.7,10.8,7.5,8,3.3,9.1,5.1,2.3,2.3,15
0500000US27157,27157,"Wabasha County, Minnesota",11140,86.2,75.7,10.5,8.4,1.5,0.6,1.07,2.5,4.3,0.5,0.6,5.9,97.8,51.4,46.4,2.2,59.3,25.8,33.5,40.7,10482,5.5,3.7,7.6,9.2,12.3,16.4,14.6,6.9,2.8,21.1,28.1,9.7,8.3,10.2,10.1,14.8,6.4,7,5.4,22.9
0500000US27159,27159,"Wadena County, Minnesota",5742,90.4,79.4,11,7.7,1.3,2.1,1.08,0.8,3,0.2,0.9,4.8,98.5,65.1,33.4,1.5,50.8,27.8,23,49.2,5467,4.8,4.7,5.7,10.2,10,10.4,17.7,7.5,3.8,25.3,31.4,15.6,12.7,9.8,5,10.1,3.3,5.7,6.3,22
0500000US27161,27161,"Waseca County, Minnesota",9330,89.4,80,9.4,7.6,1,0.7,1.06,0.6,2.4,0.6,1,6.1,99.2,61.4,37.8,0.8,66.7,32.7,34,33.3,8763,7.6,4.7,5.9,10.2,11.3,15.3,13.9,6.1,3.3,21.8,31.6,13.4,12.8,14.2,6.4,8.7,4,3.5,5.4,20.1
0500000US27163,27163,"Washington County, Minnesota",126519,91.3,82.8,8.5,7.2,0.8,0.5,1.05,2.2,1,0.3,0.6,4.6,97.4,36,61.4,2.6,94.8,17.8,77.1,5.2,120722,3.1,3.2,5.1,9.8,12.6,15.5,12.7,10.3,5.2,22.5,11.5,11.4,12.7,15.7,8.9,15.9,9.5,9.5,4.9,25.7
0500000US27165,27165,"Watonwan County, Minnesota",5621,88.8,76.6,12.2,10.1,1.9,0.3,1.08,0.6,4.8,0.4,0.2,5.2,99.8,65.9,33.9,0.2,70.7,34.9,35.8,29.3,5331,5.8,3.7,5,10.8,11.2,18.7,13.6,7.2,3.5,20.7,36.8,12.8,10.4,7.8,5.3,10.7,7.5,5.6,3.2,19.2
0500000US27167,27167,"Wilkin County, Minnesota",3331,86.8,77.6,9.2,7.1,0.8,1.3,1.06,0.1,4.1,0.4,0.4,8.3,51.3,41.5,9.8,48.7,61.7,18.6,43.1,38.3,3054,3.5,2.8,6.4,9.2,10.6,16.5,16.1,9.6,3.2,22.1,34.2,16.1,10.3,9.4,5.3,10.1,5.7,6.3,2.7,18.6
0500000US27169,27169,"Winona County, Minnesota",27495,83.8,75.8,7.9,6.7,0.7,0.5,1.05,1.7,7,1.3,1.2,5,91.2,80,11.2,8.8,77.6,46.7,30.9,22.4,26121,5.5,3.7,6.3,7.5,11.1,13.7,13.9,8.5,3.2,26.7,32.1,21.2,14.6,8.8,4.6,6.7,4.3,4.7,3.1,17.3
0500000US27171,27171,"Wright County, Minnesota",66010,91.4,83.3,8,6.1,1.4,0.6,1.05,0.7,1.5,0.4,1.2,4.9,99.1,40.9,58.2,0.9,74.6,14.5,60.1,25.4,62798,5.7,6.1,6.9,12,11.6,16.1,11.3,6.3,3.2,20.7,12.9,11.3,10.4,9.1,5,13.6,11.9,14.7,11.1,30.1
0500000US27173,27173,"Yellow Medicine County, Minnesota",5037,83,72.7,10.3,7.2,2,1.2,1.07,0.7,6,0,1.1,9.2,97.4,62,35.3,2.6,51.9,23.4,28.5,48.1,4574,4.5,5.4,6.9,7.9,10.8,17.5,16.2,8.6,3.5,18.6,33.9,15.8,12.1,11,5.2,11.3,3.7,4.3,2.7,17.9
0500000US55001,55001,"Adams County, Wisconsin",7456,92.3,80,12.3,9.8,1.4,1.1,1.08,0.1,1.7,0.3,1.5,4.1,97.7,43.9,53.9,2.3,23,4.1,18.9,77,7148,8.2,6.2,6.5,9.6,9.8,10.5,13.2,6.7,3.8,25.5,15,11.5,10.7,14.7,7.3,11.3,8.2,11,10.4,28.5
0500000US55003,55003,"Ashland County, Wisconsin",7175,86.4,76.7,9.7,6,1.8,1.9,1.07,1,5.9,1.1,0.6,5,98.5,79,19.5,1.5,67.4,45.2,22.3,32.6,6816,6,5.3,5.2,6.3,12.3,11.1,17.3,8.1,5.3,23.1,35.8,20.6,12.9,10.1,3.7,5,2.7,3.6,5.5,18.1
0500000US55005,55005,"Barron County, Wisconsin",21601,87.1,79.3,7.7,5.5,1.4,0.8,1.05,0.2,5.6,0.3,0.6,6.1,97.6,83.5,14.1,2.4,45,23.7,21.3,55,20282,9.3,4.8,6.9,7.2,10.9,13.3,13.5,7.5,2.9,23.8,29.6,18.6,15.1,11.7,5.1,6.8,3.3,3.7,6.1,19.4
0500000US55007,55007,"Bayfield County, Wisconsin",6774,85.7,75.5,10.1,8,1.5,0.7,1.07,0.9,5.1,0.6,0.9,6.9,94.7,57,37.7,5.3,29.4,12.4,17,70.6,6306,3.2,4.2,5.5,8.2,13.1,16.1,16.3,9.6,4.5,19.3,24.8,11.6,13.5,14.2,4.8,10.1,5.8,7.7,7.6,23.8
0500000US55009,55009,"Brown County, Wisconsin",126141,91.2,83.4,7.8,6.2,1,0.6,1.05,0.8,2.5,0.4,1.3,3.9,99.6,89.7,9.8,0.4,86.4,30.8,55.6,13.6,121269,6.1,4.5,6.1,7.6,13,14.4,13.8,7.3,3.8,23.7,16.9,21.7,23.3,16.9,5.3,6.8,2.9,3,3.1,18.7
0500000US55011,55011,"Buffalo County, Wisconsin",6749,86.3,74.1,12.2,8.4,2.3,1.5,1.09,0.2,5.1,0,0.9,7.6,75.7,46,29.7,24.3,42.9,13.6,29.3,57.1,6239,8.9,7,6.5,9.7,8.4,14.7,14.9,7.4,1.4,21,23.3,11.3,12.4,9.7,7.7,14.8,8,7.2,5.8,24.1
0500000US55013,55013,"Burnett County, Wisconsin",6192,88.7,78.7,10,8.3,1,0.8,1.06,0.3,2.7,0.3,1,7,84.8,65,19.8,15.2,18.2,8.9,9.3,81.8,5761,8.4,5.1,6.1,8.1,9.1,12.4,15.6,8.7,3.8,22.9,26.4,13.4,11.1,11.7,4,9,4,7.6,12.9,27.3
0500000US55015,55015,"Calumet County, Wisconsin",26139,93.6,86.2,7.4,4.9,1.7,0.9,1.05,0.2,1.5,0.5,0.5,3.8,99.6,31.6,68,0.4,74.5,18,56.5,25.5,25146,7.8,4.6,6.6,9,10.1,17.1,13.9,6.8,2.5,21.7,19.5,16.3,20,16,5.6,9.8,5.3,4.3,3.1,20.1
0500000US55017,55017,"Chippewa County, Wisconsin",30259,89.2,80.7,8.4,6.1,1.1,1.2,1.06,0.1,2.5,0.3,1.2,6.7,98.3,60.4,37.9,1.7,54.5,18.6,36,45.5,28238,6.4,5.6,9.8,9.1,11.8,14.2,11.9,6.4,2.5,22.2,20.3,15.4,15.9,16.3,7.5,10.9,4.4,5,4.2,21.5
0500000US55019,55019,"Clark County, Wisconsin",15322,82.1,73.5,8.6,6,1.4,1.2,1.06,0.1,4.9,0.8,1.8,10.3,99.3,65,34.3,0.7,37.3,13.4,23.8,62.7,13745,10,6.4,8,10,11.7,13.6,11.7,6.2,2,20.4,29.7,14.2,12.7,11.1,5.9,9,6.2,5.7,5.4,21
0500000US55021,55021,"Columbia County, Wisconsin",29129,92.1,81.7,10.4,8.4,1,1,1.07,0.2,2.7,0.2,1.3,3.5,99.1,49.5,49.6,0.9,60.9,17.9,43,39.1,28105,6.1,4.9,8.5,11,12.6,14.9,12.8,6,3,20,20.5,13.1,9.6,11.4,6.7,11.2,10.7,10.6,6.2,25.4
0500000US55023,55023,"Crawford County, Wisconsin",7476,89,80.4,8.6,6.1,1.6,0.9,1.06,0.3,3.6,0.2,1,5.9,93,68.7,24.2,7,50.2,26.8,23.4,49.8,7035,5.9,6.1,10.6,6.6,9.7,12.2,13.1,5.8,4.4,25.6,28.8,16,11.2,10.8,4.7,8.5,5.5,7,7.4,23.4
0500000US55025,55025,"Dane County, Wisconsin",275925,81,72.6,8.4,6.7,1.1,0.5,1.06,5.1,5.7,3,0.8,4.5,99.2,94.5,4.7,0.8,85.1,43.4,41.6,14.9,263619,2.5,2.1,3.8,6.9,10.2,16.1,17,10.9,6.2,24.3,14.7,16.5,18.9,18.1,7.9,12.1,5,3.6,3.2,20.9
0500000US55027,55027,"Dodge County, Wisconsin",42291,91.5,84.1,7.5,5.9,0.7,0.9,1.05,0.2,3,0.4,1,3.9,99.7,57.7,42,0.3,60.9,23.2,37.7,39.1,40649,10.7,6.9,9,9.5,10.9,11.2,10.8,6.9,2.2,22,26.6,14.2,13,11.3,6.5,9.3,5.8,7.1,6.3,21.8
0500000US55029,55029,"Door County, Wisconsin",13065,88.9,78.6,10.3,8.4,1.4,0.5,1.07,0.3,4.3,0.3,1.3,4.9,98.6,84.6,14,1.4,41.6,25.4,16.3,58.4,12421,4,3.8,8.7,8.3,10.6,13.6,14.8,8.2,6,22,32.5,18.2,13.4,10,4.3,7.7,4,5.2,4.7,19.3
0500000US55031,55031,"Douglas County, Wisconsin",20960,90.1,80.9,9.2,7.7,1.1,0.5,1.06,1.3,3.6,0.2,1.2,3.5,61.5,58.8,2.7,38.5,70.8,35.1,35.7,29.2,20226,4.7,2.5,4.4,10.3,11.4,12.2,14.9,9.9,4.4,25.2,21,17.1,15.7,13.1,6.2,10.1,6.3,6.9,3.5,21.1
0500000US55033,55033,"Dunn County, Wisconsin",21778,86.5,77.3,9.2,7.2,1.4,0.6,1.06,0.1,7,0.6,0.8,5,95.9,64.5,31.4,4.1,52.7,26.9,25.8,47.3,20689,7,5.8,5.7,9.6,9.9,13.3,11.5,6.9,3,27.3,21.5,15.6,14.8,13.3,6.5,9.6,7.9,4.9,5.8,22.3
0500000US55035,55035,"Eau Claire County, Wisconsin",53233,87.8,80.2,7.6,6,1.1,0.5,1.05,1,4.4,0.8,1,5,98.5,80.7,17.8,1.5,78.3,51.2,27.2,21.7,50579,4.6,3.3,5.6,5.8,9.3,12.7,15.5,8.6,4,30.6,20.6,27.4,23.1,10.8,3.9,6.1,2.2,2.4,3.6,17.8
0500000US55037,55037,"Florence County, Wisconsin",1878,90.9,86.1,4.8,3.3,0.8,0.7,1.03,0.8,0.9,0.1,0.4,6.9,46.2,38.6,7.7,53.8,10,3.4,6.7,90,1749,8.3,5.1,8.9,9.4,12.8,7.6,11.9,12.2,1.3,22.5,22.7,15.1,18.2,19,4.9,10.6,1.8,2,5.5,20.3
0500000US55039,55039,"Fond du Lac County, Wisconsin",51770,90.9,81.5,9.5,7.8,0.9,0.8,1.06,0.3,3.3,0.7,1,3.7,99.4,70.2,29.2,0.6,65.4,32.5,32.9,34.6,49855,7.4,5.8,7,10,10.9,13.7,10.9,6.3,2.8,25.2,23.6,21,15.2,11.4,6.2,8.2,5,4.5,4.9,20.1
0500000US55041,55041,"Forest County, Wisconsin",3596,89.3,77.4,11.8,8,2.6,1.3,1.08,0.7,2.5,0.2,0.8,6.6,98,76.5,21.4,2,40.6,14.4,26.2,59.4,3359,6.6,5.6,6,8.2,18.1,12.3,12.5,6.6,3.1,20.9,30,17.7,13.9,8.1,3.7,8.5,4.8,6,7.3,21.6
0500000US55043,55043,"Grant County, Wisconsin",25378,86,77.7,8.3,6,1.3,0.9,1.06,0.3,6.5,0.6,1,5.6,86.2,67.4,18.8,13.8,63,25.2,37.7,37,23957,6.4,5.4,5.2,7.5,11,13.7,15.3,6.3,2.9,26.3,30.8,13.5,11.8,10.7,6.4,10.3,5.9,5.3,5.2,20.7
0500000US55045,55045,"Green County, Wisconsin",19258,88.8,80.3,8.5,6.6,1,1,1.06,0,3.2,0.7,1.1,6.1,96.4,60.4,36.1,3.6,53.5,25.3,28.3,46.5,18090,8,5.4,5.8,10.9,11.4,16.2,13.4,6.1,2.9,20,27.6,14.7,8.6,10.5,4.6,9.2,9.1,9.4,6.3,23.4
0500000US55047,55047,"Green Lake County, Wisconsin",8903,88.2,79.1,9.1,7.5,0.4,1.2,1.06,0.3,4.4,0.1,1.9,5,99.2,51.4,47.7,0.8,49.6,18.9,30.7,50.4,8457,10,5.9,8.3,11.8,9.1,12.6,12.1,4.8,2.9,22.5,23.3,14.6,11.7,14,6.1,9.8,6.5,7.4,6.7,23.1
0500000US55049,55049,"Iowa County, Wisconsin",12259,87.7,75.6,12.1,8.4,2.7,1,1.08,0.3,4.2,0,1.5,6.3,98.7,59.4,39.2,1.3,56.2,20.9,35.3,43.8,11487,7.3,6.2,7.6,11.1,12.5,16.4,13,6.5,2.5,16.8,24.5,12.1,11.4,9.9,5,8.9,7.6,11.4,9.1,25.4
0500000US55051,55051,"Iron County, Wisconsin",2468,90.6,80,10.6,7,2.2,1.5,1.07,0.2,3,0.2,1,5,71.5,50.1,21.4,28.5,57.1,15.3,41.8,42.9,2344,5.7,5.7,5.8,9.1,9.9,16.6,15.4,6,5.5,20.4,24.1,17.1,15.1,12.8,4.1,11.4,3.1,6.1,6.1,21.4
0500000US55053,55053,"Jackson County, Wisconsin",9035,90.7,80.1,10.6,8.4,1.4,0.8,1.07,0.1,2.5,0.3,1.2,5.2,98.5,69.6,28.9,1.5,34.8,14.2,20.6,65.2,8567,9.2,5.8,7.2,9.2,8,13.1,13.6,6.5,2.1,25.2,25.8,16.6,14.5,10.5,4.7,9.7,5.7,6,6.7,21.7
0500000US55055,55055,"Jefferson County, Wisconsin",42648,91,81.4,9.6,7.3,1.3,1,1.06,0.3,3.4,0.7,0.8,3.8,99.3,53.6,45.7,0.7,68.1,25,43.1,31.9,41045,6.6,5.6,8.1,9.7,11.4,13.4,12.1,6.8,2.8,23.4,23.3,14.6,11.4,11.4,7.1,10.3,7.6,7.5,6.8,23.2
0500000US55057,55057,"Juneau County, Wisconsin",11670,91.7,80.6,11.1,9.1,1.5,0.5,1.07,0.4,3,0.3,1,3.7,98.4,62.6,35.8,1.6,40.8,15.6,25.2,59.2,11240,9.4,5.2,8.1,8.6,10.3,13.3,12.4,5.7,2.5,24.5,20.9,14.9,14.5,12.6,6.7,11.5,7.3,5.6,6.2,23.3
0500000US55059,55059,"Kenosha County, Wisconsin",77188,93,84.7,8.2,6.3,1,0.9,1.05,1.1,2,0.3,1.1,2.6,72.1,54.7,17.5,27.9,83,29.9,53.1,17,75211,4.8,4.7,5.9,11,12.1,14.2,10.8,8.9,3.4,24.2,16.5,15.1,14.1,10.2,7.2,10,8.5,9.5,8.8,25.9
0500000US55061,55061,"Kewaunee County, Wisconsin",10118,88.4,80.7,7.8,6.3,1.2,0.3,1.05,0.5,4.6,0.2,1.1,5.2,99.9,54.5,45.4,0.1,41.7,17.6,24,58.3,9590,9.3,8.4,9.2,12.9,12.1,13.3,11.3,3.8,2.6,17.1,26.8,11.2,8.9,10.8,8,13.9,9.7,7.3,3.4,22.4
0500000US55063,55063,"La Crosse County, Wisconsin",61019,88.2,80,8.2,6.4,0.9,0.9,1.05,1,4.6,1.9,0.8,3.5,97.2,89.5,7.7,2.8,79.3,39.6,39.7,20.7,58888,4.2,2.9,5.2,7.1,10.2,15.1,15.2,7,3.4,29.6,21.2,20.4,21.6,15.6,5.7,7.2,3.1,2.7,2.7,18.1
0500000US55065,55065,"Lafayette County, Wisconsin",8514,84.2,75.9,8.3,5.7,2,0.6,1.06,0.2,5.3,0.4,0.9,8.9,90.9,49.9,41,9.1,46.4,13.9,32.5,53.6,7753,8,5,7.8,10,13,15.3,13.7,6.8,2.1,18.4,25.8,11.6,10,11,6.6,12.5,7.8,6.7,8.1,24.9
0500000US55067,55067,"Langlade County, Wisconsin",8814,88.3,79.4,8.8,7.2,1.3,0.4,1.06,0.3,5.5,0.2,1.4,4.4,99.2,80.2,19,0.8,45.2,29,16.2,54.8,8428,6.7,6.6,7.8,8.6,9.5,13.9,11.9,6.2,3.3,25.5,31.8,21.2,11.6,7.3,3.7,7.2,3.7,7.5,5.9,20.5
0500000US55069,55069,"Lincoln County, Wisconsin",13588,93.4,82.9,10.4,8.2,1.5,0.7,1.06,0.7,2,0,0.9,3.1,99.3,63.2,36.1,0.7,43.2,22.8,20.4,56.8,13167,8,5.9,9.7,9.3,13.1,13,12.1,6.3,2.7,19.9,21.8,16.5,14.2,10,7.3,11.7,7.9,6,4.5,22.6
0500000US55071,55071,"Manitowoc County, Wisconsin",40231,91.7,84.1,7.6,6,1,0.6,1.05,0.4,3.1,0.7,0.9,3.2,99.4,77.3,22.1,0.6,66.6,37.3,29.2,33.4,38934,8.6,6.2,8.5,8.6,11.3,11.8,11.1,6.4,2.7,24.8,24.9,20.7,15.9,12.9,4.9,7.8,4.7,4.3,3.9,19.2
0500000US55073,55073,"Marathon County, Wisconsin",68815,91.1,81.8,9.3,7.4,1,0.8,1.06,0.4,2.2,0.7,1.1,4.5,99.4,85.4,14,0.6,64.6,25.2,39.4,35.4,65711,5.4,3.9,6.6,9.2,11.5,15.7,14.4,7.4,3,22.8,20.5,20.2,21.1,15.7,5.5,7.4,3.3,2.9,3.3,18.9
0500000US55075,55075,"Marinette County, Wisconsin",18219,91.9,82.6,9.3,7,1.8,0.5,1.06,0.4,3.5,0.5,0.9,2.7,85.9,74.3,11.6,14.1,46.5,22.4,24,53.5,17727,9.8,6,9.2,8.3,8.4,10.9,11.5,6.4,3.3,26.4,28.7,20.9,13.8,10.3,3.5,7.1,3.7,5.2,6.9,20.8
0500000US55077,55077,"Marquette County, Wisconsin",6718,91,79.2,11.8,9.7,1.4,0.6,1.07,0.4,3,0.3,1.3,4.1,98.9,45.8,53.2,1.1,30,7.9,22.1,70,6445,10.2,8,7.4,10.5,8.1,12.6,9.4,7,3.5,23.3,18.7,10.7,10.4,14.5,5.7,10.9,7.3,9.2,12.7,28.9
0500000US55078,55078,"Menominee County, Wisconsin",1405,91.8,73.5,18.4,17.3,1,0.1,1.11,3.1,2.8,0.1,0,2.3,99.2,84.6,14.6,0.8,79.1,20.9,58.1,20.9,1373,4.4,2.2,7.7,6.6,16.9,18.1,17,2.3,2.2,22.6,28.9,21.9,12,15.6,8.4,3.6,1,5,3.6,17
0500000US55079,55079,"Milwaukee County, Wisconsin",431099,86,76.2,9.8,7.8,1.2,0.8,1.07,6,3.8,0.7,0.7,2.8,99.2,80.3,18.9,0.8,100,42.2,57.8,0,419084,3.9,3.6,4.5,8.2,9.8,14.4,12.2,9.9,4.5,29.1,11.4,15.4,19,19.4,7.5,14,4.9,4.4,4,22.2
0500000US55081,55081,"Monroe County, Wisconsin",20914,90.5,80.9,9.6,7,1.2,1.4,1.06,0.3,2.8,0.2,2.2,4,99.3,79.3,20,0.7,49.9,22.2,27.7,50.1,20077,8.2,6.5,7.4,8.6,11.3,14.7,12.4,5.6,2.4,23,22.6,19,15,13.6,6.3,10.8,4.9,4.6,3.2,19.8
0500000US55083,55083,"Oconto County, Wisconsin",18517,92.1,82,10.1,7.7,1.6,0.8,1.06,0.2,2,0.1,0.8,4.9,98.8,43.7,55.1,1.2,30,10.9,19.1,70,17612,10.5,9,7.7,11.4,11.5,12.6,10.6,5.1,2.3,19.3,18.9,9.7,9.2,12.7,9.1,15,12.5,7.8,5.2,26
0500000US55085,55085,"Oneida County, Wisconsin",16360,90.7,82,8.8,7.7,0.6,0.5,1.05,0.1,2.4,0.5,0.9,5.3,99,80.4,18.6,1,25.9,18,7.9,74.1,15492,3.2,4.1,5.1,10.2,12.2,13.9,16.5,7.2,4.2,23.5,24.8,21,16.9,12.3,4.2,7.4,4.4,3.8,5,20
0500000US55087,55087,"Outagamie County, Wisconsin",93181,91.4,84.5,6.9,5.5,0.9,0.4,1.04,0.8,2.3,0.6,1.1,3.8,99.4,65.3,34.2,0.6,59,18,40.9,41,89652,5.7,4.7,6.7,8.5,11.5,14.9,14.7,7.5,2.8,23,16.4,21.1,19.7,16.6,6.9,9.1,4.3,3,2.8,19.8
0500000US55089,55089,"Ozaukee County, Wisconsin",44121,91.1,84.5,6.6,5.5,0.7,0.3,1.04,0.5,1.7,0.3,0.8,5.5,99,49.7,49.3,1,80.5,18.6,61.8,19.5,41677,3.6,3,4.6,8.3,12.3,16.6,13.2,10.8,4.8,22.8,16.6,14.3,13.7,13.1,8.7,13.2,9.4,7,4,23.6
0500000US55091,55091,"Pepin County, Wisconsin",3588,84,75.3,8.7,6.9,1.1,0.7,1.06,0.2,5.9,0.7,0.8,8.4,90.2,53.8,36.4,9.8,36.5,17.5,19,63.5,3287,11.3,7.4,5.2,10.3,10.4,15.4,13,6.7,2.4,18.1,30.9,8.1,8.8,6.3,5.3,12.3,9.6,11.9,6.9,24.4
0500000US55093,55093,"Pierce County, Wisconsin",22114,86.9,78.7,8.2,5.9,1.3,1,1.06,0.1,6.5,0.8,0.6,5.1,58.1,35.9,22.2,41.9,55.7,18.2,37.5,44.3,20994,6.6,5.8,8.4,10,9.7,12.4,10.2,5.9,3,27.8,17.6,11.1,12.1,11.5,4.8,12.2,10.2,11.7,8.9,26.8
0500000US55095,55095,"Polk County, Wisconsin",20709,90.7,80.6,10.1,7.2,1.7,1.2,1.07,0.2,2.6,0,0.9,5.6,77.9,61,16.9,22.1,31.5,9.3,22.1,68.5,19543,8.1,7.5,6.1,10.9,9.5,15.6,12,6.4,2.6,21.3,18.5,12.7,12,10.9,5.3,10.7,5.9,9.2,14.7,29.3
0500000US55097,55097,"Portage County, Wisconsin",35069,88.2,80.1,8.1,6.6,1,0.4,1.05,0.4,5.4,1.7,0.8,3.6,99.1,79.9,19.2,0.9,64,30.9,33.1,36,33823,3.7,3.4,4.8,7.2,10.9,14.1,13.6,7.4,4.7,30.2,22.9,22.9,18.1,11,5.4,8.3,3.7,3.8,3.9,19.2
0500000US55099,55099,"Price County, Wisconsin",6579,88.4,78.6,9.9,8.3,1.3,0.3,1.06,0,4.8,0.6,1.4,4.7,99.4,85.5,13.9,0.6,33.3,22.9,10.5,66.7,6268,8.9,5.9,8.1,6.9,11.7,10.6,15.3,7,4,21.7,33.8,18.8,10.9,10.9,6,7.4,3.5,3.6,5.1,19
0500000US55101,55101,"Racine County, Wisconsin",89005,92.1,83.8,8.3,6.7,1.1,0.5,1.05,1.4,1.8,0.3,1.2,3.1,96.8,63.7,33.2,3.2,91.6,28.4,63.3,8.4,86220,4.8,3.8,5.9,9.8,13.1,14.3,13,7.8,3.5,23.9,17,16.5,15.3,13.2,5.7,10.5,7.7,8.7,5.4,23.5
0500000US55103,55103,"Richland County, Wisconsin",8239,88.8,80.7,8.1,6.5,0.6,1,1.05,0.3,4,0.2,0.8,5.9,99.3,64.4,34.9,0.7,42.9,21.5,21.4,57.1,7753,7.6,6.3,8.4,7.7,8.9,11.3,11.8,8.5,3.2,26.3,23.4,16.5,11.8,12.6,5.2,12.9,3.2,5.3,9.2,23.6
0500000US55105,55105,"Rock County, Wisconsin",73689,91.7,81.6,10.1,8.2,1.2,0.7,1.06,0.6,2.3,0.3,0.9,4.3,91.8,69.4,22.4,8.2,74.1,36.6,37.5,25.9,70547,7.3,5.4,6.5,7.6,11,13.9,12,7,3,26.3,18.5,18.2,15.1,12.6,6,9.5,6.4,8,5.7,23.1
0500000US55107,55107,"Rusk County, Wisconsin",6333,87.3,76.7,10.6,7.9,1.3,1.4,1.07,0.3,4.2,0.1,0.7,7.5,98.3,78.1,20.2,1.7,32.9,20.6,12.3,67.1,5860,10,6.9,8.6,8.3,11.3,12,12.4,6.2,4.4,19.9,30.4,14.8,12.9,8.6,5.7,10,3.9,6,7.8,21.5
0500000US55109,55109,"St. Croix County, Wisconsin",44683,91.5,82.6,8.9,6.3,1.1,1.6,1.06,0.3,2.1,0.3,0.6,5.1,56.6,48.7,7.9,43.4,48.7,12.2,36.5,51.3,42399,5.5,5.4,6.9,10.4,11.8,15.3,12.1,8.5,3.9,20.5,14.3,11.4,11.1,12.2,7.1,11.9,9.9,13.1,8.9,27.9
0500000US55111,55111,"Sauk County, Wisconsin",32320,90.3,80.3,10,7.9,1.2,0.9,1.06,0.1,3.7,0.7,1,4.2,99.3,77.3,22,0.7,62.2,23.8,38.5,37.8,30978,6.3,4,6.2,8.9,10.5,13.6,15.5,6.5,3,25.5,27.7,15.9,12.7,12.6,4.8,8.5,4.4,6.9,6.4,21.5
0500000US55113,55113,"Sawyer County, Wisconsin",6939,88,77.9,10.1,9.1,0.9,0.1,1.06,0.9,4.1,0.2,0.6,6.1,97.6,84.7,12.9,2.4,29.1,11,18.1,70.9,6515,3.2,3.5,3.3,4.6,9.1,15.1,21.5,10.2,4.1,25.5,29.9,19.3,16.3,11.1,3.4,6.5,4,3.9,5.6,19.2
0500000US55115,55115,"Shawano County, Wisconsin",19767,88.9,79.2,9.7,8,1.3,0.5,1.06,0.1,3.3,0.4,0.6,6.7,99.6,59.1,40.5,0.4,39.6,13.7,25.9,60.4,18438,9.3,5.6,7.1,8.6,9.8,13.7,13.5,5.9,3,23.7,23.7,15.9,13,10.5,5,8.2,8.7,8.8,6,22.9
0500000US55117,55117,"Sheboygan County, Wisconsin",57751,92.5,84.4,8.1,6.5,1.1,0.4,1.05,0.5,2.6,0.4,0.8,3.2,99.6,84.5,15.1,0.4,70.7,31.9,38.8,29.3,55911,5.9,4.7,8,8.7,10.8,11,14,5.5,3.4,28,23.7,23.2,20,12.2,4.3,5.5,3.1,3.4,4.6,18.2
0500000US55119,55119,"Taylor County, Wisconsin",9950,86.2,76.5,9.7,7.2,1.6,0.9,1.07,0.5,4.3,0.4,1.6,7,99.5,75.4,24.1,0.5,31,17.9,13.1,69,9253,10.8,8.2,9,9.4,9.8,11.9,10.2,7.4,2.2,21.1,31.3,15.1,12.1,11.7,5.8,8,3.8,5.4,6.8,21.7
0500000US55121,55121,"Trempealeau County, Wisconsin",14770,89.8,80.5,9.3,7.1,1.2,1,1.06,0.1,4.3,0.3,1.1,4.3,93.4,68.2,25.2,6.6,49.8,16.6,33.2,50.2,14141,10,7.1,9.3,9.1,9.3,13.8,12.7,6.3,2.2,20.2,27.8,11.6,11.9,11.7,7.4,12.6,7.3,5.4,4.2,21.1
0500000US55123,55123,"Vernon County, Wisconsin",13166,85.3,76.9,8.4,6.6,0.9,0.8,1.06,0.7,4.9,0.3,1.6,7.3,98.2,60.6,37.6,1.8,41.7,17.5,24.2,58.3,12203,6.8,5,5.3,8.7,11.4,17.7,13.5,8.2,2.7,20.6,21.4,14.3,12.2,12.3,4.9,12.8,7.7,8.4,5.8,23.5
0500000US55125,55125,"Vilas County, Wisconsin",8809,87.1,79.6,7.6,5.3,1.7,0.6,1.05,0.2,5.3,0.3,0.8,6.2,98,73.4,24.6,2,16.9,11.5,5.4,83.1,8261,3.4,2.9,4.8,6.1,9.7,14.7,18.5,11,5.2,23.8,25.8,20,18.2,11.5,4.7,8.1,4.5,3.6,3.6,19
0500000US55127,55127,"Walworth County, Wisconsin",51089,90.3,81.1,9.2,7.8,0.9,0.5,1.06,0.7,3.3,0.7,0.9,4.1,89.5,61.8,27.7,10.5,65.7,18.1,47.6,34.3,48976,5.4,4.9,6.9,9.2,11.4,14,10.9,8.2,3.2,25.7,19.7,16.8,14.2,11.5,5.8,9.1,4.9,8.8,9.2,24.9
0500000US55129,55129,"Washburn County, Wisconsin",6646,88.4,80.1,8.4,5.7,1.6,1,1.06,0.2,3.4,0.1,1.5,6.3,96.5,66.8,29.7,3.5,29.8,15.6,14.2,70.2,6228,6.9,4.3,6.1,8.7,9.9,15.3,13,8.8,3.1,23.9,25.9,16.3,13.5,12,5.9,10.4,4.9,5.3,5.6,21.7
0500000US55131,55131,"Washington County, Wisconsin",70240,93.2,85,8.2,7.3,0.6,0.3,1.05,0.5,1.6,0.3,0.9,3.5,99.3,48.8,50.4,0.7,70.9,17.2,53.7,29.1,67753,4.7,5.1,6.2,10.9,13.6,15.2,11.7,8.1,3.5,21,15.5,14.5,11.3,13.6,8.2,13.4,10.7,8,4.8,24.6
0500000US55133,55133,"Waukesha County, Wisconsin",203136,92.7,86.2,6.5,5.3,0.8,0.5,1.04,0.6,1.4,0.2,0.7,4.5,99,63.1,35.9,1,80.4,18.7,61.7,19.6,194083,3.5,3,4.9,9,12.1,17,14.1,10.7,4.9,20.8,12.5,13.2,15.3,17,9.3,14,8,6.6,4.1,24
0500000US55135,55135,"Waupaca County, Wisconsin",24897,91.5,82.4,9.1,7.2,1.3,0.6,1.06,0.3,3.2,0.6,0.9,3.5,99.3,63.5,35.8,0.7,47.9,18.2,29.7,52.1,24020,10.4,6,7.1,8,10.1,13.1,11.1,6.3,1.6,26.3,25.8,16.3,11.9,9.9,6.6,9.3,7.3,7.9,5.1,22
0500000US55137,55137,"Waushara County, Wisconsin",10134,90.3,78,12.3,9.5,1.6,1.2,1.08,0.5,2.4,0.1,1.5,5.1,99,50.4,48.6,1,26.2,7.6,18.6,73.8,9614,9.1,5.2,6.8,10.6,12,13.4,12.9,5.4,2.3,22.2,20.4,12.2,12.8,11.5,5.6,9,7.7,11.6,9.3,26.7
0500000US55139,55139,"Winnebago County, Wisconsin",84095,92.1,84.8,7.4,5.7,1.1,0.6,1.05,1,2.3,0.9,0.7,3.1,99.5,72.6,26.9,0.5,67.9,33.5,34.4,32.1,81528,5.6,4.5,6.7,8.5,11,13.7,13.1,6.4,3.5,27,19,22.7,19.7,15.8,6.1,8.3,3.4,2.1,3,18.6
0500000US55141,55141,"Wood County, Wisconsin",35497,90.6,82.7,7.9,6,1.1,0.7,1.05,0.2,3.8,0.8,1,3.5,99.6,79.7,19.9,0.4,62.8,35.3,27.6,37.2,34238,5.6,4.5,6.5,9.2,13.1,15,14.8,5.5,3.2,22.6,26.3,23.7,14.6,11,4.3,7.9,3.6,4.4,4.3,19.1
